timestamp,symbol,action,timeframe,strategy,executed
2025-07-31T00:47:59.458068,EURUSD,buy,1hr,algo11,yes
2025-07-31T00:54:24.655852,EURUSD,buy,1hr,algo15,yes
2025-07-31T01:30:21.146812,EURUSD,buy,1hr,algo15,yes
2025-07-31T01:30:38.659629,BTCUSD,buy,1hr,algo10,yes
2025-07-31T17:00:10.291911,SOLUSD,buy,1hr,algo10,yes
2025-07-31T17:00:15.874537,ETHUSD,sell,1hr,algo10,yes
2025-07-31T18:00:11.149885,BTCUSD,sell,1HR,algo11,yes
2025-07-31T18:00:13.336221,BTCUSD,sell,1hr,algo15,yes
2025-07-31T18:00:14.807493,ETHUSD,buy,1hr,algo10,yes
2025-07-31T19:00:14.057239,BTCUSD,buy,1HR,algo11,yes
2025-07-31T19:00:14.178135,BTCUSD,buy,1hr,algo15,yes
2025-07-31T19:16:12.334268,BNBUSD,buy,1hr,algo10,yes
2025-07-31T20:00:10.374057,BNBUSD,buy,1hr,algo10,yes
2025-07-31T20:59:48.989633,BTCUSD,sell,1HR,algo11,yes
2025-07-31T20:59:49.767821,BTCUSD,sell,1hr,algo15,yes
2025-07-31T21:00:07.030851,BNBUSD,sell,1hr,algo10,yes
2025-07-31T21:00:11.352410,BTCUSD,sell,1HR,algo11,yes
2025-07-31T21:00:11.401343,BTCUSD,sell,1hr,algo15,yes
2025-07-31T22:00:10.310437,BNBUSD,sell,1hr,algo10,yes
2025-07-31T22:26:58.982834,BTCUSD,buy,1HR,algo11,yes
2025-07-31T22:26:59.615424,BTCUSD,buy,1hr,algo15,yes
2025-07-31T22:59:57.756516,XAUUSD,sell,1hr,algo11,yes
2025-07-31T23:00:14.724826,BNBUSD,buy,1hr,algo10,yes
